path,status,title,titleLen,h1,desc,descLen,canonical,robots,imgCount,imgsNoAlt,ldTypes,internalOut,bytes
"/","200","Heavy-Duty Truck Repair Shop in Charlotte, NC | EagleSpan","57","Heavy-Duty Truck Repair Shop in Charlotte, NC","EagleSpan Corporation provides professional heavy-duty truck repair & fleet services from our truck repair shop in Charlotte, NC. Call today!","141","","","45","0","AutoRepair","21","54012"
"/articles/5-diesel-battery-mistakes-that-can-leave-you-stranded-and-how-to-avoid-them","200","5 Diesel Battery Mistakes That Can Leave You Stranded (And How to Avoid Them)","77","5 Diesel Battery Mistakes That Can Leave You Stranded (And How to Avoid Them)","Using the wrong battery, ignoring corrosion, or missing parasitic drains can cause diesel trucks to fail. Regular checks at Eaglespan in Charlotte prevent downtime.","164","","","9","0","BlogPosting","21","32758"
"/articles/7-tire-maintenance-tips-to-prevent-blowouts-and-extend-tire-life","200","7 Tire Maintenance Tips to Prevent Blowouts and Extend Tire Life","64","7 Tire Maintenance Tips to Prevent Blowouts and Extend Tire Life","Proper tire maintenance reduces blowouts, extends tread life, and cuts costs. Follow these 7 tips to keep your heavy-duty truck tires safe and road-ready.","154","","","9","0","BlogPosting","21","32291"
"/articles/alternator-vs-battery-how-to-pinpoint-the-real-culprit-behind-electrical-failures","200","Alternator vs. Battery: How to Pinpoint the Real Culprit Behind Electrical Failures","83","Alternator vs. Battery: How to Pinpoint the Real Culprit Behind Electrical Failures","In modern diesel powertrains, electrical reliability is essential for compliance, telematics, and safety. When lights flicker or ECM resets, technicians must quickly identify if the alternator or battery is at fault. A proper diagnosis saves costs, reduces downtime, and boosts confidence.","289","","","9","0","BlogPosting","21","37553"
"/articles/from-u-joints-to-axle-shafts-how-driveline-problems-travel-down-to-your-axles","200","From U-Joints to Axle Shafts: How Driveline Problems Travel Down to Your Axles","78","From U-Joints to Axle Shafts: How Driveline Problems Travel Down to Your Axles","In heavy-duty trucks, driveline issues rarely stay isolated. Minor U-joint or driveshaft problems can lead to differential damage, twisted axles, costly repairs, and downtime. For trucks around Charlotte, NC, understanding failure progression is key to managing risks and costs.","278","","","9","0","BlogPosting","21","40026"
"/articles/how-misalignment-eats-tires-fuel-and-uptime-the-real-roi-of-a-fleet-alignment-program","200","How Misalignment Eats Tires, Fuel, and Uptime: The Real ROI of a Fleet Alignment Program","88","How Misalignment Eats Tires, Fuel, and Uptime: The Real ROI of a Fleet Alignment Program","Unchecked misalignment causes higher costs through increased tire wear, lower fuel efficiency, and more downtime. Proper fleet wheel alignment turns these hidden losses into savings, reliability, and safer handling.","215","","","9","0","BlogPosting","21","40214"
"/articles/the-ultimate-guide-to-maintaining-heavy-duty-truck-suspension-systems","200","The Ultimate Guide to Maintaining Heavy-Duty Truck Suspension Systems","69","The Ultimate Guide to Maintaining Heavy-Duty Truck Suspension Systems","Maintain your heavy-duty truck suspension with regular inspections, proper lubrication, and timely replacements of worn parts like shocks and bushings. Stay safe, save costs.","174","","","9","0","BlogPosting","21","32459"
"/articles/welcome-to-our-article-section","200","Introductory Article","20","Introductory Article","As diesel repair experts, we understand the importance of staying informed and educated on the latest advancements in diesel repair, maintenance, and technology.","161","","","9","0","BlogPosting","21","30794"
"/company/about","200","About Us | EagleSpan Corporation","32","About EagleSpan Corportation","EagleSpan Corporation provides professional heavy-duty truck & fleet repair services from our repair shop in Charlotte, NC. Call now for service!","145","","","41","0","","21","47161"
"/company/articles","200","Articles | EagleSpan Corporation","32","Our Articles","Visit our blog page for diesel repair tips, industry updates, & just about anything diesel related!","99","","","41","0","","28","51749"
"/company/careers","200","Careers at EagleSpan Corporation | Charlotte, NC","48","Careers at Eaglespan","Check out our careers page for current opportunities with EagleSpan Corporation in Charlotte, NC. Contact us for additional info!","129","","","41","0","","21","47724"
"/company/privacy-policy","200","Privacy Policy | Eaglespan Corporation","38","Privacy Policy","Please refer to our Privacy Policy if you have any questions or concerns regarding the use of the Eaglespan Corporation website.","128","","","5","0","","21","42034"
"/company/terms-conditions","200","Terms & Conditions | Eaglespan Corporation","42","Terms and Conditions","Please refer to our Terms & Conditions if you have any questions or concerns regarding the use of the Eaglespan Corporation website.","132","","","5","0","","21","44066"
"/contact","200","Contact Us | EagleSpan Corporation","34","Contact Eaglespan","For professional truck & fleet repairs in Charlotte, NC, visit EagleSpan Corporation or call us at (704) 392 9938 now!","118","","","27","0","","21","35709"
"/repair","200","Commercial Truck Repair Services in Charlotte, NC | EagleSpan","61","Commercial Truck Repair services in Charlotte, NC","For professional commercial, heavy-duty truck repair services in Charlotte, NC, contact EagleSpan Corporation to schedule service today!","136","","","36","0","","21","46268"
"/repairs/axle-repair","200","Truck Axle Repair in Charlotte, NC | EagleSpan Corporation","58","Truck Axle Repair Services in Charlotte, NC","EagleSpan Corporation provides professional truck Axle Repair services from our repair shop in Charlotte, NC. Call today to schedule!","133","","","36","0","","21","45457"
"/repairs/brake-repair","200","Truck Brake Repair in Charlotte, NC | EagleSpan Corporation","59","Truck Brake Repair Services in Charlotte, NC","EagleSpan Corporation provides professional truck Brake Repair services from our repair shop in Charlotte, NC. Call today to schedule!","134","","","36","0","","21","45582"
"/repairs/diagnostics","200","Truck Diagnostics in Charlotte, NC | EagleSpan Corporation","58","Truck Diagnostics Services in Charlotte, NC","EagleSpan Corporation provides professional truck Diagnostics services from our repair shop in Charlotte, NC. Call today to schedule!","133","","","36","0","","21","45631"
"/repairs/driveline-repair","200","Truck Driveline Repair in Charlotte, NC | EagleSpan Corporation","63","Truck Driveline Repair Services in Charlotte, NC","EagleSpan Corporation provides professional truck Driveline Repair services from our repair shop in Charlotte, NC. Call today to schedule!","138","","","36","0","","22","46006"
"/repairs/oil-fluid","200","Truck Oil & Fluid in Charlotte, NC | EagleSpan Corporation","58","Truck Oil & Fluid Services in Charlotte, NC","EagleSpan Corporation provides professional truck Oil & Fluid services from our repair shop in Charlotte, NC. Call today to schedule!","133","","","36","0","","21","45264"
"/repairs/suspension-repair","200","Truck Suspension Repair in Charlotte, NC | EagleSpan Corporation","64","Truck Suspension Repair Services in Charlotte, NC","EagleSpan Corporation provides professional truck Suspension Repair services from our repair shop in Charlotte, NC. Call today to schedule!","139","","","36","0","","22","46017"
"/repairs/tire-repair","200","Truck Tire Repair in Charlotte, NC | EagleSpan Corporation","58","Truck Tire Repair Services in Charlotte, NC","EagleSpan Corporation provides professional truck Tire Repair services from our repair shop in Charlotte, NC. Call today to schedule!","133","","","36","0","","21","45373"
"/repairs/transmission-clutch-repair","200","Truck Transmission & Clutch Repair in Charlotte, NC | EagleSpan Corporation","75","Truck Transmission & Clutch Repair Services in Charlotte, NC","EagleSpan Corporation provides professional truck Transmission & Clutch Repair services from our repair shop in Charlotte, NC. Call today to schedule!","150","","","36","0","","21","45312"
"/repairs/wheel-alignment","200","Truck Wheel Alignment in Charlotte, NC | EagleSpan Corporation","62","Truck Wheel Alignment Services in Charlotte, NC","EagleSpan Corporation provides professional truck Wheel Alignment services from our repair shop in Charlotte, NC. Call today to schedule!","137","","","36","0","","21","45852"
"/service","200","Heavy-Duty Diesel Mechanics in Charlotte, NC | EagleSpan","56","Heavy-Duty Diesel Mechanic Services in Charlotte, NC","EagleSpan Corporation provide experienced heavy-duty diesel mechanic services from our shop in Charlotte, NC. Contact us today to schedule service!","147","","","32","0","","21","42887"
"/services/battery-services","200","Battery Services in Charlotte, NC | EagleSpan Corporation","57","Battery Services in Charlotte, NC","EagleSpan Corporation provides professional Battery Services services for heavy-duty trucks & commercial fleets from our shop in Charlotte, NC. Call today!","155","","","32","0","","22","42590"
"/services/dot-inspection","200","DOT Inspection in Charlotte, NC | EagleSpan Corporation","55","DOT Inspection in Charlotte, NC","EagleSpan Corporation provides professional DOT Inspection services for heavy-duty trucks & commercial fleets from our shop in Charlotte, NC. Call today!","153","","","32","0","","21","42576"
"/services/fleet-services","200","Fleet Services in Charlotte, NC | EagleSpan Corporation","55","Fleet Services in Charlotte, NC","EagleSpan Corporation provides professional Fleet Services services for heavy-duty trucks & commercial fleets from our shop in Charlotte, NC. Call today!","153","","","32","0","","21","42112"
"/services/heavy-equipment-repair","200","Heavy Equipment Repair in Charlotte, NC | EagleSpan Corporation","63","Heavy Equipment Repair in Charlotte, NC","EagleSpan Corporation provides professional Heavy Equipment Repair services for heavy-duty trucks & commercial fleets from our shop in Charlotte, NC. Call today!","161","","","32","0","","21","42165"
"/services/preventative-maintenance","200","Preventative Maintenance in Charlotte, NC | EagleSpan Corporation","65","Preventative Maintenance in Charlotte, NC","EagleSpan Corporation provides professional Preventative Maintenance services for heavy-duty trucks & commercial fleets from our shop in Charlotte, NC. Call today!","163","","","32","0","","21","42657"
